iter,loss,mse,u2,grad_norm,resets,time_s,eval_cost
1,0.10766416043043137,0.1066875085234642,0.9766489863395691,1.0697230100631714,0,2.329123020172119,
2,0.12409821897745132,0.12367478758096695,0.42343175411224365,0.23197390139102936,0,4.299745798110962,
3,0.1402093768119812,0.13973039388656616,0.47898921370506287,0.453315794467926,0,5.691226959228516,
4,0.21592915058135986,0.2155255526304245,0.40359875559806824,0.22022698819637299,0,7.271871328353882,
5,0.2716568112373352,0.27122268080711365,0.43412014842033386,0.37159451842308044,0,8.896852731704712,
6,0.29214414954185486,0.2918480634689331,0.29609569907188416,0.19259455800056458,0,10.46312403678894,
7,0.2893034517765045,0.28909045457839966,0.2129972130060196,0.4267237186431885,0,11.902732372283936,
8,0.31906217336654663,0.3188776671886444,0.18450964987277985,0.39815661311149597,0,13.16394305229187,
9,0.366911381483078,0.3667106330394745,0.20075570046901703,0.43414419889450073,0,14.466622591018677,
10,0.3925837278366089,0.3922928273677826,0.2908872067928314,0.28596726059913635,0,15.93534541130066,
11,0.3895243704319,0.3890884816646576,0.43588966131210327,0.22731105983257294,0,17.424709796905518,
12,0.4138529598712921,0.41315487027168274,0.6980971693992615,0.25534310936927795,0,18.849655151367188,
13,0.4175375998020172,0.4166643023490906,0.8732882142066956,0.299833208322525,0,20.210264682769775,
14,0.4260343909263611,0.42503270506858826,1.0016918182373047,0.2108287811279297,0,21.5819890499115,
15,0.47106316685676575,0.46993160247802734,1.1315608024597168,0.3840258717536926,0,23.051453828811646,
16,0.4833138585090637,0.4822249114513397,1.088951587677002,0.39297249913215637,0,24.43039107322693,
17,0.5082690715789795,0.5073720216751099,0.8970276713371277,0.31419727206230164,0,25.81037664413452,
18,0.5558456182479858,0.5550873279571533,0.7582712173461914,0.42689457535743713,0,27.245721578598022,
19,0.528586745262146,0.52802973985672,0.5570124983787537,0.25466176867485046,0,28.781608819961548,
20,0.5199945569038391,0.5195825099945068,0.41206493973731995,0.2708500623703003,0,30.10045576095581,
21,0.5599420070648193,0.5596544146537781,0.287562757730484,0.2732499837875366,0,31.265862226486206,
22,0.5514582395553589,0.5512245297431946,0.23372164368629456,0.30919554829597473,0,32.687928438186646,
23,0.5355857610702515,0.5352888107299805,0.2969684898853302,0.32158491015434265,0,34.1315975189209,
24,0.4899774491786957,0.48961779475212097,0.35964566469192505,0.2617502808570862,0,35.506311893463135,
25,0.449758380651474,0.449394166469574,0.3642174303531647,0.2856503427028656,0,36.92169713973999,0.27751720237731936
26,0.450670063495636,0.45032671093940735,0.3433604836463928,0.31686457991600037,0,41.39142441749573,
27,0.48470062017440796,0.48441365361213684,0.2869783043861389,0.28108450770378113,0,42.80694055557251,
28,0.4730893075466156,0.472697913646698,0.39140087366104126,0.29611265659332275,0,44.168742418289185,
29,0.4575708508491516,0.4571084678173065,0.46237003803253174,0.389315128326416,0,45.54521107673645,
30,0.39792755246162415,0.39750027656555176,0.42728373408317566,0.4648822247982025,0,46.90167951583862,
31,0.37189623713493347,0.3715272843837738,0.3689652979373932,0.4522302746772766,0,48.19279670715332,
32,0.3630240559577942,0.36241769790649414,0.6063571572303772,0.3441096246242523,0,49.55802035331726,
33,0.3503774404525757,0.3497004508972168,0.6769847869873047,0.34863168001174927,0,50.79110884666443,
34,0.3211226463317871,0.3203084170818329,0.8142315149307251,0.49847012758255005,0,51.94929575920105,
35,0.2862617075443268,0.28525808453559875,1.0036139488220215,0.5688222646713257,0,53.03427171707153,
36,0.29753682017326355,0.2965439260005951,0.9928853511810303,0.6424762606620789,0,54.123767614364624,
37,0.31709378957748413,0.31617629528045654,0.9175000190734863,0.4882204234600067,0,55.22686266899109,
38,0.27246224880218506,0.271748423576355,0.7138293981552124,0.707801103591919,0,56.295753479003906,
39,0.24825464189052582,0.24729417264461517,0.9604641199111938,0.869813859462738,0,57.35833191871643,
40,0.2530742883682251,0.2519276440143585,1.1466542482376099,1.5136926174163818,0,58.46674561500549,
41,0.20395398139953613,0.20312608778476715,0.8278974890708923,1.1102397441864014,0,59.54713320732117,
42,0.17001812160015106,0.16938363015651703,0.6344882845878601,1.5494855642318726,0,60.63236212730408,
43,0.17442463338375092,0.17369863390922546,0.7259942293167114,2.2905611991882324,0,61.83181023597717,
44,0.21235738694667816,0.21142183244228363,0.9355512261390686,3.16973614692688,0,62.960773229599,
45,0.19339606165885925,0.1921919286251068,1.2041313648223877,3.691288709640503,0,64.1493911743164,
46,0.16150660812854767,0.16000042855739594,1.506174921989441,6.212001323699951,0,65.20809435844421,
47,0.12879212200641632,0.12734390795230865,1.448210597038269,5.419645309448242,0,66.28209137916565,
48,0.0994017943739891,0.09800278395414352,1.3990116119384766,15.727651596069336,0,67.39035224914551,
49,0.09465420246124268,0.09355966746807098,1.0945321321487427,105.99613952636719,0,68.52851486206055,
50,0.11220092326402664,0.11101087182760239,1.1900545358657837,2058335.75,0,69.84712052345276,0.23888714802265168
51,0.1746247112751007,0.17278821766376495,1.8364959955215454,33969.80859375,0,73.47468948364258,
52,0.2016797661781311,0.20005206763744354,1.6277023553848267,52.05497360229492,0,74.56376075744629,
53,0.24936676025390625,0.24723881483078003,2.1279382705688477,40.434295654296875,0,75.68830990791321,
54,0.253116637468338,0.251434862613678,1.6817660331726074,27.68201446533203,0,76.78264141082764,
55,0.26682785153388977,0.2652781903743744,1.5496753454208374,14.67526912689209,0,77.92578053474426,
56,0.28471800684928894,0.2830825746059418,1.6354448795318604,18.822874069213867,0,79.34018683433533,
57,0.31341540813446045,0.31162112951278687,1.7942843437194824,103.21284484863281,0,80.77384424209595,
58,0.3011932075023651,0.29915839433670044,2.0348005294799805,691.8538818359375,0,82.0622136592865,
59,0.2532535195350647,0.25032052397727966,2.9329886436462402,12939.267578125,0,83.21878051757812,
60,0.21266232430934906,0.20771291851997375,4.949398517608643,8309.3427734375,0,84.3930971622467,
61,0.1570706069469452,0.1512470245361328,5.823586463928223,30360.41796875,0,85.64764142036438,
62,0.1602558195590973,0.1541569083929062,6.098917007446289,5466.056640625,0,86.90816473960876,
63,0.15294823050498962,0.14791306853294373,5.035160064697266,11048.466796875,0,88.13039541244507,
64,0.16203181445598602,0.15830282866954803,3.7289793491363525,14358.6845703125,0,89.60889220237732,
65,0.12433259934186935,0.1213764026761055,2.9561965465545654,11421.017578125,0,91.0753378868103,
66,0.10158555209636688,0.09929999709129333,2.2855567932128906,138198.671875,0,92.62590479850769,
67,0.11446966230869293,0.11284482479095459,1.6248360872268677,5608.46337890625,0,94.14869904518127,
68,0.12334578484296799,0.12194077670574188,1.4050114154815674,212.00125122070312,0,95.72315621376038,
69,0.1153201013803482,0.11419545859098434,1.12464439868927,56.44105529785156,0,97.17019605636597,
70,0.10151149332523346,0.10046510398387909,1.0463929176330566,18.655200958251953,0,98.51669192314148,
71,0.1128457561135292,0.1118469387292862,0.9988194108009338,10.61159610748291,0,99.72113490104675,
72,0.10225933790206909,0.10149911046028137,0.7602282166481018,9.323418617248535,0,100.79147601127625,
73,0.11865012347698212,0.11790840327739716,0.7417169809341431,8.186179161071777,0,101.83207702636719,
74,0.11835405975580215,0.11762706190347672,0.7269984483718872,6.363847255706787,0,103.00243306159973,
75,0.11889557540416718,0.11809688061475754,0.7986955642700195,13.377850532531738,0,104.18483829498291,0.11904377782344819
76,0.11526748538017273,0.1144571527838707,0.8103346824645996,11.079222679138184,0,107.39116859436035,
77,0.11207965016365051,0.11110145598649979,0.9781968593597412,17.640459060668945,0,108.65500211715698,
78,0.09345126897096634,0.09232963621616364,1.121633768081665,38.87038803100586,0,110.02978897094727,
79,0.09279581904411316,0.09145954251289368,1.3362767696380615,2202.716552734375,0,111.33041501045227,
80,0.10868718475103378,0.10713297873735428,1.5542036294937134,483.6448669433594,0,112.69816279411316,
81,0.08402994275093079,0.0825752317905426,1.4547086954116821,147.2086639404297,0,113.85495924949646,
82,0.07931090891361237,0.07777618616819382,1.5347225666046143,1017.7296752929688,0,114.98337364196777,
83,0.08235055208206177,0.08066660910844803,1.6839430332183838,854.3880004882812,0,115.9863064289093,
84,0.06652802228927612,0.06503596901893616,1.4920496940612793,196.1641387939453,0,116.99439525604248,
85,0.06560047715902328,0.06422675400972366,1.3737218379974365,127.29490661621094,0,118.15021467208862,
86,0.07906179875135422,0.0773908719420433,1.6709303855895996,10513.3759765625,0,119.4279453754425,
87,0.08825523406267166,0.08649042993783951,1.7648049592971802,647.8390502929688,0,120.74451470375061,
88,0.0813516229391098,0.07961538434028625,1.73623526096344,3483.530029296875,0,122.16515135765076,
89,0.08282626420259476,0.08094467967748642,1.8815810680389404,613.0213623046875,0,123.22354865074158,
90,0.10984206944704056,0.10765322297811508,2.1888434886932373,1099.0150146484375,0,124.56402158737183,
91,0.15326449275016785,0.15042459964752197,2.839897632598877,76052.4921875,0,126.06383681297302,
92,0.11365967243909836,0.11101028323173523,2.6493918895721436,97219.2421875,0,127.57035398483276,
93,0.0966733768582344,0.09406151622533798,2.6118619441986084,17986.57421875,0,128.73073530197144,
94,0.10161685198545456,0.09931982308626175,2.297029972076416,7777.11474609375,0,130.04654049873352,
95,0.12333368510007858,0.1214180588722229,1.915625810623169,10817.720703125,0,131.23034167289734,
96,0.1143520325422287,0.11222793161869049,2.124098539352417,1900.439697265625,0,132.80726861953735,
97,0.09034021198749542,0.08835236728191376,1.9878475666046143,279.6808166503906,0,134.2797393798828,
98,0.10156764090061188,0.09944533556699753,2.122307300567627,14.251404762268066,0,135.62996220588684,
99,0.08519851416349411,0.0832957923412323,1.9027180671691895,42.82785415649414,0,137.07337999343872,
100,0.07672397792339325,0.0751037672162056,1.6202082633972168,48.86158752441406,0,138.45713806152344,0.08662091332674027
101,0.08192434906959534,0.08033294975757599,1.591398000717163,203.09169006347656,0,142.8461925983429,
102,0.066278375685215,0.06506292521953583,1.2154479026794434,466.030029296875,0,144.2125813961029,
103,0.08607245236635208,0.08466963469982147,1.4028198719024658,103.61958312988281,0,145.86333417892456,
104,0.07623571902513504,0.07481316477060318,1.422555685043335,608.6484375,0,147.43809294700623,
105,0.05867287516593933,0.0576057955622673,1.0670779943466187,43512.72265625,0,148.94877767562866,
106,0.10717430710792542,0.10563834011554718,1.5359693765640259,11232.4482421875,0,150.33828854560852,
107,0.11483515053987503,0.11314453184604645,1.690618872642517,16583.302734375,0,151.63681983947754,
108,0.12383820861577988,0.12211505323648453,1.723156452178955,5148.3076171875,0,153.04881024360657,
109,0.14213061332702637,0.1403576135635376,1.7729979753494263,2392.92138671875,0,154.4831976890564,
110,0.1708199381828308,0.16897618770599365,1.8437539339065552,1869.6427001953125,0,155.90354681015015,
111,0.1550183892250061,0.15307828783988953,1.940094232559204,2188.79248046875,0,157.43844199180603,
112,0.15002048015594482,0.1479150801897049,2.105402946472168,35.772926330566406,0,158.9153060913086,
113,0.13487006723880768,0.13300520181655884,1.864871859550476,12940.265625,0,160.45839738845825,
114,0.15664198994636536,0.15480761229991913,1.8343793153762817,1752.216796875,0,161.7356355190277,
115,0.1465539187192917,0.14491097629070282,1.6429483890533447,16.985301971435547,0,163.1280164718628,
116,0.1363184154033661,0.13500536978244781,1.3130508661270142,10.117812156677246,0,164.4521689414978,
117,0.1457359790802002,0.1441071480512619,1.6288384199142456,135.3258819580078,0,165.6774525642395,
118,0.12414754927158356,0.12102483212947845,3.122713565826416,201.95420837402344,0,166.68154668807983,
119,0.1345168501138687,0.1292024850845337,5.314366817474365,55.193294525146484,0,167.68554759025574,
120,0.1391773223876953,0.1333417147397995,5.835613250732422,32.75852584838867,0,168.86367416381836,
121,0.11369533836841583,0.11007286608219147,3.6224703788757324,662.2735595703125,0,170.06112003326416,
122,0.11457305401563644,0.11236321926116943,2.20983624458313,110.7026138305664,0,171.38861441612244,
123,0.1141880676150322,0.11259070783853531,1.5973584651947021,29.59320831298828,0,172.70818877220154,
124,0.08401599526405334,0.08262549340724945,1.3905047178268433,10.993557929992676,0,174.04532408714294,
125,0.08672352135181427,0.08561406284570694,1.1094595193862915,91.27962493896484,0,175.38187670707703,0.07569430750608444
126,0.09134769439697266,0.09032406657934189,1.0236289501190186,15.865053176879883,0,179.27818894386292,
127,0.06448405236005783,0.06365714222192764,0.8269065618515015,217.6011962890625,0,180.6254756450653,
128,0.06691628694534302,0.06610320508480072,0.813084065914154,42.86049270629883,0,181.80151987075806,
129,0.048352669924497604,0.04755832999944687,0.7943399548530579,102.70445251464844,0,182.85897493362427,
130,0.05682302266359329,0.05598142370581627,0.8415970802307129,43.3549690246582,0,184.18393921852112,
131,0.07728729397058487,0.07635284215211868,0.9344499111175537,666.4593505859375,0,185.5520784854889,
132,0.08221545815467834,0.08127602934837341,0.9394320249557495,69.15765380859375,0,186.92919254302979,
133,0.06437268108129501,0.06345149129629135,0.9211930632591248,33.863441467285156,0,188.365389585495,
134,0.07611707597970963,0.07503478974103928,1.082282543182373,2.129793882369995,0,189.70183444023132,
135,0.08188444375991821,0.0805845856666565,1.299856185913086,8.28486156463623,0,191.00401520729065,
136,0.07028710097074509,0.0688801184296608,1.4069833755493164,10.455461502075195,0,192.29510235786438,
137,0.06158028915524483,0.06034310534596443,1.2371820211410522,9.826339721679688,0,193.63100242614746,
138,0.054636046290397644,0.05356820672750473,1.0678398609161377,2.9513323307037354,0,194.96164178848267,
139,0.0674406960606575,0.06644317507743835,0.997519850730896,17.57308578491211,0,196.08388662338257,
140,0.07777275145053864,0.07633787393569946,1.4348740577697754,42.89561462402344,0,197.1939573287964,
141,0.06627064198255539,0.06440950930118561,1.8611347675323486,87.367919921875,0,198.2080955505371,
142,0.06831488758325577,0.0661352202296257,2.179669141769409,30.59041404724121,0,199.2387924194336,
143,0.06714008748531342,0.06525947153568268,1.8806182146072388,22.45878791809082,0,200.29230666160583,
144,0.06115163117647171,0.059996217489242554,1.1554135084152222,5.1926422119140625,0,201.40114784240723,
145,0.07300297170877457,0.07194779068231583,1.0551810264587402,4.223430633544922,0,202.8331983089447,
146,0.05798264592885971,0.05694246292114258,1.0401848554611206,6.995321273803711,0,204.26339864730835,
147,0.05003342404961586,0.04894927144050598,1.0841529369354248,4.950497150421143,0,205.69950938224792,
148,0.07332338392734528,0.07221845537424088,1.1049249172210693,15.472453117370605,0,206.98722624778748,
149,0.08098835498094559,0.07991672307252884,1.0716307163238525,5.838241100311279,0,208.25410556793213,
150,0.05578251928091049,0.05466807633638382,1.1144428253173828,1.9783434867858887,0,209.52464199066162,0.054178494423627856
